timestamp,project_name,run_id,duration,emissions,emissions_rate,cpu_power,gpu_power,ram_power,cpu_energy,gpu_energy,ram_energy,energy_consumed,country_name,country_iso_code,region,cloud_provider,cloud_region,os,python_version,cpu_count,cpu_model,gpu_count,gpu_model,longitude,latitude,ram_total_size,tracking_mode,on_cloud
2022-10-11T15:51:27,codecarbon,407fe63b-5c8c-4ea4-81fe-803afcdde852,0.0010981559753417,6.070799583187988e-10,0.0005528176069249,12.5,0.0,2.928218364715576,3.813041581047906e-09,0,8.93233470643887e-10,4.706275051691793e-09,Canada,CAN,,,,Windows-10-10.0.19041-SP0,3.9.4,8,Intel(R) Core(TM) i5-10210U CPU @ 1.60GHz,,,,,7.808582305908203,machine,N
2022-10-11T15:52:30,codecarbon,fea39237-4fbb-4b53-9109-e1b53af3b92b,0.0007557868957519,1.7814569154634478e-10,0.0002357088916831,12.5,0.0,2.928218364715576,2.62426005469428e-09,0,6.147525188756238e-10,3.239012573569905e-09,France,FRA,,,,Windows-10-10.0.19041-SP0,3.9.4,8,Intel(R) Core(TM) i5-10210U CPU @ 1.60GHz,,,,,7.808582305908203,machine,N
2022-10-11T16:49:38,codecarbon,c4608509-7759-4e31-8e89-4902d5772e07,0.0029911994934082,6.6044688305169e-10,0.0002207966685295,12.5,0.0,2.928218364715576,1.0386109352111816e-08,0,1.6220157942825607e-09,1.2008125146394378e-08,France,FRA,,,,Windows-10-10.0.19041-SP0,3.9.4,8,Intel(R) Core(TM) i5-10210U CPU @ 1.60GHz,,,,,7.808582305908203,machine,N
2022-10-11T16:54:01,codecarbon,f6c40bfa-0c99-42e5-b20b-35d7bd7e1a31,0.0034410953521728,4.70315865158157e-10,0.000136676208307,12.5,0.0,2.928218364715576,6.928212112850614e-09,0,1.6229854354795255e-09,8.55119754833014e-09,France,FRA,,,,Windows-10-10.0.19041-SP0,3.9.4,8,Intel(R) Core(TM) i5-10210U CPU @ 1.60GHz,,,,,7.808582305908203,machine,N
2022-10-11T17:02:03,codecarbon,2d87af8f-a566-45f6-91e8-0b98e4125f39,0.0039887428283691,7.13144739975746e-10,0.0001787893505952,12.5,0.0,2.928218364715576,1.05053186416626e-08,0,2.4609493578964246e-09,1.2966267999559025e-08,France,FRA,,,,Windows-10-10.0.19041-SP0,3.9.4,8,Intel(R) Core(TM) i5-10210U CPU @ 1.60GHz,,,,,7.808582305908203,machine,N
2022-10-11T17:07:34,codecarbon,77c18ba2-2fe4-4e8f-86f8-12961e6cfb31,0.0009384155273437,2.211928838884584e-10,0.0002357088916831,12.5,0.0,2.928218364715576,3.2583872477213543e-09,0,7.63301550250616e-10,4.021688797971971e-09,France,FRA,,,,Windows-10-10.0.19041-SP0,3.9.4,8,Intel(R) Core(TM) i5-10210U CPU @ 1.60GHz,,,,,7.808582305908203,machine,N
2022-10-11T17:07:48,codecarbon,9998f69e-fffe-4a8c-bad6-5be56dfc9632,0.0029678344726562,4.928510141518751e-10,0.0001660641854162,12.5,0.0,2.928218364715576,7.260176870557997e-09,0,1.700750659476094e-09,8.960927530034093e-09,France,FRA,,,,Windows-10-10.0.19041-SP0,3.9.4,8,Intel(R) Core(TM) i5-10210U CPU @ 1.60GHz,,,,,7.808582305908203,machine,N
2022-10-11T17:07:50,codecarbon,fb5fd9d1-d9ca-4618-bf5f-d9065d3badc4,0.0029947757720947,4.705406546743044e-10,0.0001571204959846,12.5,0.0,2.928218364715576,6.931523482004801e-09,0,1.623761148437097e-09,8.555284630441898e-09,France,FRA,,,,Windows-10-10.0.19041-SP0,3.9.4,8,Intel(R) Core(TM) i5-10210U CPU @ 1.60GHz,,,,,7.808582305908203,machine,N
2022-10-11T17:15:20,codecarbon,5591c9bb-0d38-42c1-bb6e-6776e0437e42,0.0023798942565917,4.2517758807131636e-10,0.0001786539830051,12.5,0.0,2.928218364715576,6.9191058476765965e-09,0,8.11395753620066e-10,7.730501601296662e-09,France,FRA,,,,Windows-10-10.0.19041-SP0,3.9.4,8,Intel(R) Core(TM) i5-10210U CPU @ 1.60GHz,,,,,7.808582305908203,machine,N
2022-10-11T17:15:20,codecarbon,46256cb9-a8e8-4222-bbf3-08eb34774225,3.2283754348754883,7.609567956916238e-07,0.0002357088916831,12.5,0.0,2.928218364715576,1.1209636926651002e-05,0,2.6259411768330662e-06,1.3835578103484068e-05,France,FRA,,,,Windows-10-10.0.19041-SP0,3.9.4,8,Intel(R) Core(TM) i5-10210U CPU @ 1.60GHz,,,,,7.808582305908203,machine,N
2022-10-11T17:15:38,codecarbon,8dd7cee7-f766-4a12-8b14-a1739e398d56,0.003176212310791,6.607094049537443e-10,0.000208018022822,12.5,0.0,2.928218364715576,1.03910764058431e-08,0,1.621821866043167e-09,1.2012898271886269e-08,France,FRA,,,,Windows-10-10.0.19041-SP0,3.9.4,8,Intel(R) Core(TM) i5-10210U CPU @ 1.60GHz,,,,,7.808582305908203,machine,N
2022-10-11T17:15:38,codecarbon,aecf438a-b8d2-48ff-ab3c-b60509147fa2,3.57081937789917,8.41370008334916e-07,0.0002356237936711,12.5,0.0,2.928218364715576,1.2394830584526064e-05,0,2.9028059306542293e-06,1.529763651518029e-05,France,FRA,,,,Windows-10-10.0.19041-SP0,3.9.4,8,Intel(R) Core(TM) i5-10210U CPU @ 1.60GHz,,,,,7.808582305908203,machine,N
2022-10-11T17:17:21,codecarbon,0a687af9-a32b-4f96-926d-9f64b52766b1,0.0026757717132568,4.701472730210475e-10,0.0001757053005276,12.5,0.0,2.928218364715576,6.925728585984972e-09,0,1.622403650761346e-09,8.548132236746318e-09,France,FRA,,,,Windows-10-10.0.19041-SP0,3.9.4,8,Intel(R) Core(TM) i5-10210U CPU @ 1.60GHz,,,,,7.808582305908203,machine,N
2022-10-11T17:17:21,codecarbon,ed22e127-226d-476e-845e-a7a472244afc,3.212618112564087,7.570075248798196e-07,0.0002356357022078,12.5,0.0,2.928218364715576,1.1151460309823356e-05,0,2.6123128698097274e-06,1.3763773179633082e-05,France,FRA,,,,Windows-10-10.0.19041-SP0,3.9.4,8,Intel(R) Core(TM) i5-10210U CPU @ 1.60GHz,,,,,7.808582305908203,machine,N
2022-10-11T17:29:18,codecarbon,aedb0a5b-a55e-4200-9786-414f9789ff14,0.0029921531677246,4.70990233706598e-10,0.0001574084638403,12.5,0.0,2.928218364715576,6.9381462203131795e-09,0,1.6253125743522411e-09,8.56345879466542e-09,France,FRA,,,,Windows-10-10.0.19041-SP0,3.9.4,8,Intel(R) Core(TM) i5-10210U CPU @ 1.60GHz,,,,,7.808582305908203,machine,N
2022-10-11T17:29:18,codecarbon,06b8b6e8-59ce-41b0-83bf-f2b5a2fb7788,3.3990604877471924,8.009556736026495e-07,0.0002356403119302,12.5,0.0,2.928218364715576,1.1798859470420414e-05,0,2.763970958718668e-06,1.4562830429139084e-05,France,FRA,,,,Windows-10-10.0.19041-SP0,3.9.4,8,Intel(R) Core(TM) i5-10210U CPU @ 1.60GHz,,,,,7.808582305908203,machine,N
2022-10-11T17:31:14,codecarbon,ff0eabcf-c033-4cf2-beba-e1e88fef932a,0.0031826496124267,4.69641496609717e-10,0.0001475630539962,12.5,0.0,2.928218364715576,6.918278005388048e-09,0,1.6206582966068101e-09,8.538936301994858e-09,France,FRA,,,,Windows-10-10.0.19041-SP0,3.9.4,8,Intel(R) Core(TM) i5-10210U CPU @ 1.60GHz,,,,,7.808582305908203,machine,N
2022-10-11T17:31:14,codecarbon,05b4f8a2-e2b7-4f4b-9583-30119fece471,3.301088333129883,7.778010047024315e-07,0.0002356195673094,12.5,0.0,2.928218364715576,1.1457768579324088e-05,0,2.6840678698110307e-06,1.4141836449135118e-05,France,FRA,,,,Windows-10-10.0.19041-SP0,3.9.4,8,Intel(R) Core(TM) i5-10210U CPU @ 1.60GHz,,,,,7.808582305908203,machine,N
2022-10-13T14:13:50,codecarbon,5829ce95-ac4a-497f-8f44-d0a4dfcb95bb,0.0107343196868896,0.0,0.0,12.5,0.0,2.928218364715576,0.0,0,0.0,0.0,France,FRA,,,,Windows-10-10.0.19041-SP0,3.9.4,8,Intel(R) Core(TM) i5-10210U CPU @ 1.60GHz,,,,,7.808582305908203,machine,N
2022-10-13T14:13:50,codecarbon,00f0c737-d972-4496-b130-26716aa366a4,3.2897696495056152,7.739903166273317e-07,0.0002352718880313,12.5,0.0,2.928218364715576,1.1401633421579997e-05,0,2.6709177898260348e-06,1.4072551211406033e-05,France,FRA,,,,Windows-10-10.0.19041-SP0,3.9.4,8,Intel(R) Core(TM) i5-10210U CPU @ 1.60GHz,,,,,7.808582305908203,machine,N
2022-10-13T14:17:37,codecarbon,bd8b3b80-5597-4130-942e-b95c594373d3,0.0061843395233154,0.0,0.0,12.5,0.0,2.928218364715576,0.0,0,0.0,0.0,France,FRA,,,,Windows-10-10.0.19041-SP0,3.9.4,8,Intel(R) Core(TM) i5-10210U CPU @ 1.60GHz,,,,,7.808582305908203,machine,N
2022-10-13T14:17:37,codecarbon,18093570-1ab9-49ee-a339-0c1717b04c26,3.3379855155944824,7.862749512899967e-07,0.0002355537337165,12.5,0.0,2.928218364715576,1.1582598090171817e-05,0,2.713310115100853e-06,1.4295908205272668e-05,France,FRA,,,,Windows-10-10.0.19041-SP0,3.9.4,8,Intel(R) Core(TM) i5-10210U CPU @ 1.60GHz,,,,,7.808582305908203,machine,N
2022-10-13T16:07:54,codecarbon,597435dd-95bf-4be5-9d01-d60af7324edf,0.01422119140625,1.6488374776116643e-09,0.0001159422885544,7.5,0.0,2.223453998565674,2.312362194061279e-08,0,6.855241288690195e-09,2.9978863229302995e-08,France,FRA,,,,Windows-10-10.0.22000-SP0,3.10.2,8,AMD Ryzen 5 3500U with Radeon Vega Mobile Gfx,,,,,5.929210662841797,machine,N
2022-10-13T16:07:54,codecarbon,1c61bb67-3533-4d5a-8d32-2d7fd81f351a,3.7179243564605713,5.520146887697015e-07,0.0001484738891501,7.5,0.0,2.223453998565674,7.74567574262619e-06,0,2.290954962277473e-06,1.0036630704903663e-05,France,FRA,,,,Windows-10-10.0.22000-SP0,3.10.2,8,AMD Ryzen 5 3500U with Radeon Vega Mobile Gfx,,,,,5.929210662841797,machine,N
2022-10-13T16:12:30,codecarbon,b0dd622b-e61e-4292-b977-c3e90cc7c8ce,0.0160458087921142,2.3836493336929717e-09,0.0001485527694225,7.5,0.0,2.223453998565674,3.34287683169047e-08,0,9.910310477512971e-09,4.333907879441768e-08,France,FRA,,,,Windows-10-10.0.22000-SP0,3.10.2,8,AMD Ryzen 5 3500U with Radeon Vega Mobile Gfx,,,,,5.929210662841797,machine,N
2022-10-13T16:12:30,codecarbon,7434597a-9676-49c2-a0df-de229a00bc96,4.470839023590088,6.641555185966325e-07,0.0001485527694225,7.5,0.0,2.223453998565674,9.314247965812682e-06,0,2.761306917762454e-06,1.2075554883575135e-05,France,FRA,,,,Windows-10-10.0.22000-SP0,3.10.2,8,AMD Ryzen 5 3500U with Radeon Vega Mobile Gfx,,,,,5.929210662841797,machine,N
2022-10-13T16:26:23,codecarbon,14c338b3-67ad-45ae-9b36-a0f5f36f2976,0.0,0.0,,7.5,0.0,2.223453998565674,0.0,0,0.0,0.0,France,FRA,,,,Windows-10-10.0.22000-SP0,3.10.2,8,AMD Ryzen 5 3500U with Radeon Vega Mobile Gfx,,,,,5.929210662841797,machine,N
2022-10-13T16:26:24,codecarbon,c6975e01-9ba0-486d-bdea-6527f66d5679,3.930954217910767,5.839201685698142e-07,0.0001485441285246,7.5,0.0,2.223453998565674,8.189487953980763e-06,0,2.427242383652223e-06,1.0616730337632986e-05,France,FRA,,,,Windows-10-10.0.22000-SP0,3.10.2,8,AMD Ryzen 5 3500U with Radeon Vega Mobile Gfx,,,,,5.929210662841797,machine,N
2022-10-13T16:26:31,codecarbon,4de59e04-5d5b-497a-ac01-7d71b5e17630,0.0055272579193115,8.210894712263439e-10,0.0001485527694225,7.5,0.0,2.223453998565674,1.1515120665232341e-08,0,3.4137788116102763e-09,1.4928899476842616e-08,France,FRA,,,,Windows-10-10.0.22000-SP0,3.10.2,8,AMD Ryzen 5 3500U with Radeon Vega Mobile Gfx,,,,,5.929210662841797,machine,N
2022-10-13T16:26:31,codecarbon,a3e22598-fc01-493f-9a70-18a5f667ff41,3.9891550540924072,5.922086170436197e-07,0.0001484546499229,7.5,0.0,2.223453998565674,8.310739696025848e-06,0,2.456689704767238e-06,1.0767429400793086e-05,France,FRA,,,,Windows-10-10.0.22000-SP0,3.10.2,8,AMD Ryzen 5 3500U with Radeon Vega Mobile Gfx,,,,,5.929210662841797,machine,N
2022-10-13T16:26:38,codecarbon,697475a1-4f00-4a4f-b020-edb3eda71048,0.0057325363159179,6.56853119532267e-10,0.0001145833333333,7.5,0.0,2.223453998565674,1.1942783991495768e-08,0,0.0,1.1942783991495768e-08,France,FRA,,,,Windows-10-10.0.22000-SP0,3.10.2,8,AMD Ryzen 5 3500U with Radeon Vega Mobile Gfx,,,,,5.929210662841797,machine,N
2022-10-13T16:26:38,codecarbon,ccdb55df-5719-45e2-8f5f-68f92a72e29d,3.241863965988159,4.815878702386513e-07,0.0001485527694225,7.5,0.0,2.223453998565674,6.753883262475332e-06,0,2.0022598327728742e-06,8.756143095248206e-06,France,FRA,,,,Windows-10-10.0.22000-SP0,3.10.2,8,AMD Ryzen 5 3500U with Radeon Vega Mobile Gfx,,,,,5.929210662841797,machine,N
2022-10-13T16:26:45,codecarbon,3997daf1-09c0-42db-8c78-12063824d055,0.0,0.0,,7.5,0.0,2.223453998565674,0.0,0,0.0,0.0,France,FRA,,,,Windows-10-10.0.22000-SP0,3.10.2,8,AMD Ryzen 5 3500U with Radeon Vega Mobile Gfx,,,,,5.929210662841797,machine,N
2022-10-13T16:26:45,codecarbon,d903b9fd-87a0-4843-b5c0-d7b72a11168a,3.4989497661590576,5.197786778332457e-07,0.0001485527694225,7.5,0.0,2.223453998565674,7.289478679498036e-06,0,2.1610427356518853e-06,9.450521415149922e-06,France,FRA,,,,Windows-10-10.0.22000-SP0,3.10.2,8,AMD Ryzen 5 3500U with Radeon Vega Mobile Gfx,,,,,5.929210662841797,machine,N
2022-10-13T16:26:52,codecarbon,827fb9b7-e45e-4e26-9775-5aee17dab3ab,0.0,0.0,,7.5,0.0,2.223453998565674,0.0,0,0.0,0.0,France,FRA,,,,Windows-10-10.0.22000-SP0,3.10.2,8,AMD Ryzen 5 3500U with Radeon Vega Mobile Gfx,,,,,5.929210662841797,machine,N
2022-10-13T16:26:52,codecarbon,a84b158e-ba36-44e3-86f2-2fa04fd2d9a7,3.698655605316162,5.494455333098842e-07,0.0001485527694225,7.5,0.0,2.223453998565674,7.705532511075339e-06,0,2.284386276377101e-06,9.98991878745244e-06,France,FRA,,,,Windows-10-10.0.22000-SP0,3.10.2,8,AMD Ryzen 5 3500U with Radeon Vega Mobile Gfx,,,,,5.929210662841797,machine,N
2022-10-13T16:27:07,codecarbon,ce57586b-6fa2-4045-873b-717bbf719ee5,0.0060093402862548,7.42249581524845e-10,0.0001235159844787,7.5,0.0,2.223453998565674,1.0409454504648844e-08,0,3.085992432166525e-09,1.3495446936815368e-08,France,FRA,,,,Windows-10-10.0.22000-SP0,3.10.2,8,AMD Ryzen 5 3500U with Radeon Vega Mobile Gfx,,,,,5.929210662841797,machine,N
2022-10-13T16:27:07,codecarbon,acc90d30-1479-49ce-960e-b943df33f274,3.902999639511109,5.796521905650224e-07,0.0001485145385864,7.5,0.0,2.223453998565674,8.129156629244486e-06,0,2.4099741083013742e-06,1.053913073754586e-05,France,FRA,,,,Windows-10-10.0.22000-SP0,3.10.2,8,AMD Ryzen 5 3500U with Radeon Vega Mobile Gfx,,,,,5.929210662841797,machine,N
2022-10-13T16:27:18,codecarbon,822e10c4-0063-4df8-8211-c41e4223503c,0.0050058364868164,5.59497757887091e-10,0.0001117690838205,7.5,0.0,2.223453998565674,8.322298526763916e-09,0,1.8503879802741115e-09,1.0172686507038029e-08,France,FRA,,,,Windows-10-10.0.22000-SP0,3.10.2,8,AMD Ryzen 5 3500U with Radeon Vega Mobile Gfx,,,,,5.929210662841797,machine,N
2022-10-13T16:27:18,codecarbon,8a0c2cab-3119-4062-bf2b-c6da72d5805b,3.8496925830841056,5.718483980853966e-07,0.0001485439124667,7.5,0.0,2.223453998565674,8.020192881425222e-06,0,2.3770507201274425e-06,1.0397243601552666e-05,France,FRA,,,,Windows-10-10.0.22000-SP0,3.10.2,8,AMD Ryzen 5 3500U with Radeon Vega Mobile Gfx,,,,,5.929210662841797,machine,N
2022-10-13T16:28:57,codecarbon,71664778-774f-40a8-aa33-714e3cdb1b72,0.0039887428283691,5.92538793668495e-10,0.0001485527694225,7.5,0.0,2.223453998565674,8.309880892435711e-09,0,2.4635517197187557e-09,1.0773432612154463e-08,France,FRA,,,,Windows-10-10.0.22000-SP0,3.10.2,8,AMD Ryzen 5 3500U with Radeon Vega Mobile Gfx,,,,,5.929210662841797,machine,N
2022-10-13T16:28:57,codecarbon,0f0d55c2-5848-481d-bdfd-cd5777a2f639,3.7731101512908936,5.604719467428494e-07,0.0001485437541628,7.5,0.0,2.223453998565674,7.860646148522694e-06,0,2.3297528831654785e-06,1.0190399031688172e-05,France,FRA,,,,Windows-10-10.0.22000-SP0,3.10.2,8,AMD Ryzen 5 3500U with Radeon Vega Mobile Gfx,,,,,5.929210662841797,machine,N
2022-10-13T16:29:04,codecarbon,34f6b981-445b-4e70-b9d4-e079e4f8fc2b,0.0,0.0,,7.5,0.0,2.223453998565674,0.0,0,0.0,0.0,France,FRA,,,,Windows-10-10.0.22000-SP0,3.10.2,8,AMD Ryzen 5 3500U with Radeon Vega Mobile Gfx,,,,,5.929210662841797,machine,N
2022-10-13T16:29:04,codecarbon,b50d210c-694c-4c58-8357-85351e0cda89,3.5729572772979736,5.307726985710005e-07,0.0001485527694225,7.5,0.0,2.223453998565674,7.443660994370778e-06,0,2.20675170692014e-06,9.650412701290918e-06,France,FRA,,,,Windows-10-10.0.22000-SP0,3.10.2,8,AMD Ryzen 5 3500U with Radeon Vega Mobile Gfx,,,,,5.929210662841797,machine,N
2022-10-13T16:30:34,codecarbon,e588b51c-197c-450d-9510-2fbe3e2c100d,0.0059788227081298,7.04655734003741e-10,0.0001178586100312,7.5,0.0,2.223453998565674,1.036177078882853e-08,0,2.4501516476031312e-09,1.2811922436431662e-08,France,FRA,,,,Windows-10-10.0.22000-SP0,3.10.2,8,AMD Ryzen 5 3500U with Radeon Vega Mobile Gfx,,,,,5.929210662841797,machine,N
2022-10-13T16:30:34,codecarbon,67f945fb-ca39-47b3-8344-50ede12b688f,3.810558795928955,5.660349575265622e-07,0.0001485438193818,7.5,0.0,2.223453998565674,7.938664158185323e-06,0,2.352880524115809e-06,1.0291544682301133e-05,France,FRA,,,,Windows-10-10.0.22000-SP0,3.10.2,8,AMD Ryzen 5 3500U with Radeon Vega Mobile Gfx,,,,,5.929210662841797,machine,N
2022-10-13T16:30:43,codecarbon,7b0d960c-41cb-456a-ae3b-1a52c580da30,0.0614955425262451,8.551463440840715e-09,0.0001390582648684,7.5,0.0,2.223453998565674,1.2604296207427977e-07,0,2.9438191395551413e-08,1.554811534698312e-07,France,FRA,,,,Windows-10-10.0.22000-SP0,3.10.2,8,AMD Ryzen 5 3500U with Radeon Vega Mobile Gfx,,,,,5.929210662841797,machine,N
2022-10-13T16:30:43,codecarbon,eda6db4c-c816-458d-8c7d-6dd6ac55c2cb,0.0099997520446777,1.451531984710167e-09,0.000145156797711,7.5,0.0,2.223453998565674,2.0832816759745282e-08,0,5.558673871348673e-09,2.6391490631093963e-08,France,FRA,,,,Windows-10-10.0.22000-SP0,3.10.2,8,AMD Ryzen 5 3500U with Radeon Vega Mobile Gfx,,,,,5.929210662841797,machine,N
2022-10-13T16:30:43,codecarbon,84d6d6d3-dbbb-4ae0-8982-b6829c696c5d,6.059285640716553,9.001236626506199e-07,0.0001485527694225,7.5,0.0,2.223453998565674,1.2623511751492818e-05,0,3.742373023972997e-06,1.6365884775465817e-05,France,FRA,,,,Windows-10-10.0.22000-SP0,3.10.2,8,AMD Ryzen 5 3500U with Radeon Vega Mobile Gfx,,,,,5.929210662841797,machine,N
2022-10-13T16:30:51,codecarbon,8d2ba456-b822-4755-830d-04b8f166f324,0.0019958019256591,2.625311271548488e-10,0.0001315416744415,7.5,0.0,2.223453998565674,4.157920678456624e-09,0,6.153725425406265e-10,4.77329322099725e-09,France,FRA,,,,Windows-10-10.0.22000-SP0,3.10.2,8,AMD Ryzen 5 3500U with Radeon Vega Mobile Gfx,,,,,5.929210662841797,machine,N
2022-10-13T16:30:51,codecarbon,95f67871-8efd-4491-bdeb-e356e7daa982,3.471368789672852,5.15681447392842e-07,0.0001485527694225,7.5,0.0,2.223453998565674,7.23201831181844e-06,0,2.144008004415052e-06,9.376026316233492e-06,France,FRA,,,,Windows-10-10.0.22000-SP0,3.10.2,8,AMD Ryzen 5 3500U with Radeon Vega Mobile Gfx,,,,,5.929210662841797,machine,N
2022-10-13T16:31:15,codecarbon,29c744c4-ff18-48a4-a9f3-0d96fe34a377,0.0079984664916992,1.1540006040140347e-09,0.0001442777318891,7.5,0.0,2.223453998565674,1.6663471857706707e-08,0,4.318357306184832e-09,2.0981829163891545e-08,France,FRA,,,,Windows-10-10.0.22000-SP0,3.10.2,8,AMD Ryzen 5 3500U with Radeon Vega Mobile Gfx,,,,,5.929210662841797,machine,N
2022-10-13T16:31:15,codecarbon,fef4bef6-ca61-4af4-a947-6341318c89b7,4.04286003112793,6.005441923239852e-07,0.000148544393746,7.5,0.0,2.223453998565674,8.422625064849853e-06,0,2.496360250131697e-06,1.091898531498155e-05,France,FRA,,,,Windows-10-10.0.22000-SP0,3.10.2,8,AMD Ryzen 5 3500U with Radeon Vega Mobile Gfx,,,,,5.929210662841797,machine,N
2022-10-13T16:31:22,codecarbon,3dec4ce8-4af8-4e7c-af68-3b7d467873bf,0.0,0.0,,7.5,0.0,2.223453998565674,0.0,0,0.0,0.0,France,FRA,,,,Windows-10-10.0.22000-SP0,3.10.2,8,AMD Ryzen 5 3500U with Radeon Vega Mobile Gfx,,,,,5.929210662841797,machine,N
2022-10-13T16:31:22,codecarbon,5ec9fcff-8393-474a-bda7-cb581c5ecf7c,3.4716713428497314,5.157263925051652e-07,0.0001485527694225,7.5,0.0,2.223453998565674,7.23264863093694e-06,0,2.144194869156972e-06,9.376843500093913e-06,France,FRA,,,,Windows-10-10.0.22000-SP0,3.10.2,8,AMD Ryzen 5 3500U with Radeon Vega Mobile Gfx,,,,,5.929210662841797,machine,N
2022-10-13T16:31:49,codecarbon,6426738b-465d-4ad1-a36e-84fcd68c17b4,0.0039894580841064,4.4406762671940204e-10,0.0001113102625362,7.5,0.0,2.223453998565674,6.2276919682820645e-09,0,1.8462648811616118e-09,8.073956849443675e-09,France,FRA,,,,Windows-10-10.0.22000-SP0,3.10.2,8,AMD Ryzen 5 3500U with Radeon Vega Mobile Gfx,,,,,5.929210662841797,machine,N
2022-10-13T16:31:49,codecarbon,6d32eadc-fcac-4b82-8572-40a5799c5552,3.817603588104248,5.671155855702778e-07,0.0001485527694225,7.5,0.0,2.223453998565674,7.953340808550516e-06,0,2.357851656363626e-06,1.0311192464914142e-05,France,FRA,,,,Windows-10-10.0.22000-SP0,3.10.2,8,AMD Ryzen 5 3500U with Radeon Vega Mobile Gfx,,,,,5.929210662841797,machine,N
2022-10-13T16:31:53,codecarbon,d256e5b7-ad64-4169-a409-cdaae0919f02,0.0,0.0,,7.5,0.0,2.223453998565674,0.0,0,0.0,0.0,France,FRA,,,,Windows-10-10.0.22000-SP0,3.10.2,8,AMD Ryzen 5 3500U with Radeon Vega Mobile Gfx,,,,,5.929210662841797,machine,N
2022-10-13T16:31:53,codecarbon,0647179e-eb2f-4d2c-a895-1db0612cec2f,3.508148670196533,5.211114117064378e-07,0.0001485431379044,7.5,0.0,2.223453998565674,7.308643062909444e-06,0,2.166109877207608e-06,9.474752940117052e-06,France,FRA,,,,Windows-10-10.0.22000-SP0,3.10.2,8,AMD Ryzen 5 3500U with Radeon Vega Mobile Gfx,,,,,5.929210662841797,machine,N
2022-10-13T16:32:00,codecarbon,545ebfca-807c-4fae-8c9a-cf24a5bdc667,0.0029916763305664,4.1107844885222736e-10,0.000137407394193,7.5,0.0,2.223453998565674,6.2326590220133465e-09,0,1.2414945934816996e-09,7.474153615495046e-09,France,FRA,,,,Windows-10-10.0.22000-SP0,3.10.2,8,AMD Ryzen 5 3500U with Radeon Vega Mobile Gfx,,,,,5.929210662841797,machine,N
2022-10-13T16:32:00,codecarbon,c2abcf08-62ae-4b5e-9256-f0c14741adde,3.341847419738769,4.96292572200187e-07,0.0001485084475337,7.5,0.0,2.223453998565674,6.960104902585347e-06,0,2.0633964101453254e-06,9.023501312730672e-06,France,FRA,,,,Windows-10-10.0.22000-SP0,3.10.2,8,AMD Ryzen 5 3500U with Radeon Vega Mobile Gfx,,,,,5.929210662841797,machine,N
2022-10-13T16:32:07,codecarbon,833321f0-99f6-4e19-9e37-795ad7f0ae66,0.0019922256469726,2.6214564205607377e-10,0.000131584312477,7.5,0.0,2.223453998565674,4.1504700978597e-09,0,6.158143031598227e-10,4.766284401019523e-09,France,FRA,,,,Windows-10-10.0.22000-SP0,3.10.2,8,AMD Ryzen 5 3500U with Radeon Vega Mobile Gfx,,,,,5.929210662841797,machine,N
2022-10-13T16:32:07,codecarbon,a4c3a1c6-60cf-42ff-a2d0-9b18e8cb5c0a,3.3541507720947266,4.981192067336395e-07,0.0001485082933295,7.5,0.0,2.223453998565674,6.9857219854990645e-06,0,2.070990864203472e-06,9.056712849702536e-06,France,FRA,,,,Windows-10-10.0.22000-SP0,3.10.2,8,AMD Ryzen 5 3500U with Radeon Vega Mobile Gfx,,,,,5.929210662841797,machine,N
2022-10-13T16:32:52,codecarbon,e4846a01-9f33-4787-bc99-1f0a4388b05c,0.0025050640106201,3.7213419635833134e-10,0.0001485527694225,7.5,0.0,2.223453998565674,5.218883355458577e-09,0,1.547192941965628e-09,6.766076297424206e-09,France,FRA,,,,Windows-10-10.0.22000-SP0,3.10.2,8,AMD Ryzen 5 3500U with Radeon Vega Mobile Gfx,,,,,5.929210662841797,machine,N
2022-10-13T16:32:52,codecarbon,5ba53163-6bb8-46a9-a306-5726e46962a6,3.903200626373291,5.775052379891349e-07,0.0001479568419022,7.5,0.0,2.223453998565674,8.099047342936198e-06,0,2.401047893229892e-06,1.050009523616609e-05,France,FRA,,,,Windows-10-10.0.22000-SP0,3.10.2,8,AMD Ryzen 5 3500U with Radeon Vega Mobile Gfx,,,,,5.929210662841797,machine,N
2022-10-13T16:32:59,codecarbon,fc62c470-ea67-42fa-be2c-056e30b56d7f,0.018404483795166,2.4935859992964993e-09,0.0001354879619036,7.5,0.0,2.223453998565674,3.4970541795094805e-08,0,1.0367385464841545e-08,4.533792725993635e-08,France,FRA,,,,Windows-10-10.0.22000-SP0,3.10.2,8,AMD Ryzen 5 3500U with Radeon Vega Mobile Gfx,,,,,5.929210662841797,machine,N
2022-10-13T16:33:00,codecarbon,106438e5-e887-4dc9-a68f-2d544a748229,3.6779940128326416,5.463423996296057e-07,0.0001485435804744,7.5,0.0,2.223453998565674,7.66248752673467e-06,0,2.271010648349071e-06,9.93349817508374e-06,France,FRA,,,,Windows-10-10.0.22000-SP0,3.10.2,8,AMD Ryzen 5 3500U with Radeon Vega Mobile Gfx,,,,,5.929210662841797,machine,N
2022-10-13T16:33:07,codecarbon,deb3d332-f7e2-4751-87c9-9836d9c8db75,0.0,0.0,,7.5,0.0,2.223453998565674,0.0,0,0.0,0.0,France,FRA,,,,Windows-10-10.0.22000-SP0,3.10.2,8,AMD Ryzen 5 3500U with Radeon Vega Mobile Gfx,,,,,5.929210662841797,machine,N
2022-10-13T16:33:07,codecarbon,d7cf95a6-9063-4326-99cd-ade7a1683e98,3.760918140411377,5.585410569193058e-07,0.0001485118888703,7.5,0.0,2.223453998565674,7.833089927832285e-06,0,2.322202016155093e-06,1.015529194398738e-05,France,FRA,,,,Windows-10-10.0.22000-SP0,3.10.2,8,AMD Ryzen 5 3500U with Radeon Vega Mobile Gfx,,,,,5.929210662841797,machine,N
2022-10-13T16:38:41,codecarbon,8fc90f48-ad38-45a3-ab73-e1cb74c14ef5,0.0050041675567626,5.600218919852295e-10,0.0001119110992253,7.5,0.0,2.223453998565674,8.331239223480224e-09,0,1.8509769944330398e-09,1.0182216217913264e-08,France,FRA,,,,Windows-10-10.0.22000-SP0,3.10.2,8,AMD Ryzen 5 3500U with Radeon Vega Mobile Gfx,,,,,5.929210662841797,machine,N
2022-10-13T16:38:41,codecarbon,8b87c77f-65ec-4bf8-a685-c4f09d689b24,4.439655542373657,6.594891024350735e-07,0.00014854510584,7.5,0.0,2.223453998565674,9.249282379945118e-06,0,2.741428573419853e-06,1.1990710953364972e-05,France,FRA,,,,Windows-10-10.0.22000-SP0,3.10.2,8,AMD Ryzen 5 3500U with Radeon Vega Mobile Gfx,,,,,5.929210662841797,machine,N
2022-10-13T16:38:45,codecarbon,e7faf395-ecc6-43b7-b7ef-d337be018024,0.0032358169555664,4.383239904451367e-10,0.0001354600697332,7.5,0.0,2.223453998565674,6.741285324096679e-09,0,1.2282417749058063e-09,7.969527099002486e-09,France,FRA,,,,Windows-10-10.0.22000-SP0,3.10.2,8,AMD Ryzen 5 3500U with Radeon Vega Mobile Gfx,,,,,5.929210662841797,machine,N
2022-10-13T16:38:45,codecarbon,38ab2e3d-5239-4aae-aa5a-2b52d1ef3287,3.998945951461792,5.939083976823127e-07,0.0001485162352507,7.5,0.0,2.223453998565674,8.329088489214579e-06,0,2.469246014100198e-06,1.0798334503314776e-05,France,FRA,,,,Windows-10-10.0.22000-SP0,3.10.2,8,AMD Ryzen 5 3500U with Radeon Vega Mobile Gfx,,,,,5.929210662841797,machine,N
2022-10-13T16:38:53,codecarbon,9ac9e70f-8fa9-4273-bfec-80e89339824d,0.0029895305633544,4.4410304445960944e-10,0.0001485527694225,7.5,0.0,2.223453998565674,6.228188673655192e-09,0,1.8464121347013439e-09,8.074600808356536e-09,France,FRA,,,,Windows-10-10.0.22000-SP0,3.10.2,8,AMD Ryzen 5 3500U with Radeon Vega Mobile Gfx,,,,,5.929210662841797,machine,N
2022-10-13T16:38:53,codecarbon,fef2c7ba-d59c-4723-8aae-e5aac3762f40,4.18798303604126,6.221027542928397e-07,0.0001485447168575,7.5,0.0,2.223453998565674,8.724964658419291e-06,0,2.5859945105414303e-06,1.1310959168960722e-05,France,FRA,,,,Windows-10-10.0.22000-SP0,3.10.2,8,AMD Ryzen 5 3500U with Radeon Vega Mobile Gfx,,,,,5.929210662841797,machine,N
2022-10-13T16:42:40,codecarbon,d2a712f9-2340-4dc3-82cb-56cdf479e355,0.0,0.0,,7.5,0.0,2.223453998565674,0.0,0,0.0,0.0,France,FRA,,,,Windows-10-10.0.22000-SP0,3.10.2,8,AMD Ryzen 5 3500U with Radeon Vega Mobile Gfx,,,,,5.929210662841797,machine,N
2022-10-13T16:42:40,codecarbon,7bc94433-cfe2-4320-a81f-a0d94d91b201,3.973334312438965,5.90249815954377e-07,0.0001485527694225,7.5,0.0,2.223453998565674,8.277779817581178e-06,0,2.4540350179529472e-06,1.0731814835534124e-05,France,FRA,,,,Windows-10-10.0.22000-SP0,3.10.2,8,AMD Ryzen 5 3500U with Radeon Vega Mobile Gfx,,,,,5.929210662841797,machine,N
2022-10-13T16:43:19,codecarbon,4f28b18c-2017-4453-832c-3e19a517b73f,0.0155622959136962,0.0,0.0,7.5,0.0,2.223453998565674,0.0,0,0.0,0.0,France,FRA,,,,Windows-10-10.0.22000-SP0,3.10.2,8,AMD Ryzen 5 3500U with Radeon Vega Mobile Gfx,,,,,5.929210662841797,machine,N
2022-10-13T16:43:19,codecarbon,7d42b4dc-894e-497c-b6f5-df59161e00ee,3.268695831298828,4.855407825439524e-07,0.0001485426627631,7.5,0.0,2.223453998565674,6.809782981872559e-06,0,2.018231246199302e-06,8.82801422807186e-06,France,FRA,,,,Windows-10-10.0.22000-SP0,3.10.2,8,AMD Ryzen 5 3500U with Radeon Vega Mobile Gfx,,,,,5.929210662841797,machine,N
2022-10-13T16:47:58,codecarbon,73354995-1ebb-4b93-bcd4-3b992a8b2ce3,0.0,0.0,,7.5,0.0,2.223453998565674,0.0,0,0.0,0.0,France,FRA,,,,Windows-10-10.0.22000-SP0,3.10.2,8,AMD Ryzen 5 3500U with Radeon Vega Mobile Gfx,,,,,5.929210662841797,machine,N
2022-10-13T16:47:58,codecarbon,fb69e4c2-ee2c-4bdf-9ccd-7176845b63a6,3.407431364059448,5.061833657482239e-07,0.0001485527694225,7.5,0.0,2.223453998565674,7.098815341790517e-06,0,2.1045185809044635e-06,9.20333392269498e-06,France,FRA,,,,Windows-10-10.0.22000-SP0,3.10.2,8,AMD Ryzen 5 3500U with Radeon Vega Mobile Gfx,,,,,5.929210662841797,machine,N
2022-10-13T16:48:17,codecarbon,c1097ae2-a0fa-47eb-b52c-a0b2538f6487,0.0156610012054443,2.326485100998354e-09,0.0001485527694225,7.5,0.0,2.223453998565674,3.2627085844675696e-08,0,9.672643264385292e-09,4.2299729109061e-08,France,FRA,,,,Windows-10-10.0.22000-SP0,3.10.2,8,AMD Ryzen 5 3500U with Radeon Vega Mobile Gfx,,,,,5.929210662841797,machine,N
2022-10-13T16:48:17,codecarbon,747e3d7a-9c25-4055-9da8-a011aa56d91c,3.5611400604248047,5.290172182776246e-07,0.0001485527694225,7.5,0.0,2.223453998565674,7.419041792551676e-06,0,2.1994530852233163e-06,9.618494877774991e-06,France,FRA,,,,Windows-10-10.0.22000-SP0,3.10.2,8,AMD Ryzen 5 3500U with Radeon Vega Mobile Gfx,,,,,5.929210662841797,machine,N
2022-10-13T16:48:24,codecarbon,81f5661c-08d3-439c-ac79-214799e91f7f,0.0,0.0,,7.5,0.0,2.223453998565674,0.0,0,0.0,0.0,France,FRA,,,,Windows-10-10.0.22000-SP0,3.10.2,8,AMD Ryzen 5 3500U with Radeon Vega Mobile Gfx,,,,,5.929210662841797,machine,N
2022-10-13T16:48:24,codecarbon,a0d3a349-1c5a-4bce-b6aa-1a7c5077440d,3.320719718933105,4.93302110723522e-07,0.0001485527694225,7.5,0.0,2.223453998565674,6.918166081110636e-06,0,2.0509632047715817e-06,8.969129285882218e-06,France,FRA,,,,Windows-10-10.0.22000-SP0,3.10.2,8,AMD Ryzen 5 3500U with Radeon Vega Mobile Gfx,,,,,5.929210662841797,machine,N
2022-10-13T16:49:11,codecarbon,e34e22bf-1954-479b-a8b2-cf491255dbaf,0.0050005912780761,7.087389280940216e-10,0.0001417310251292,7.5,0.0,2.223453998565674,1.0417898495992026e-08,0,2.468263832990185e-09,1.2886162328982212e-08,France,FRA,,,,Windows-10-10.0.22000-SP0,3.10.2,8,AMD Ryzen 5 3500U with Radeon Vega Mobile Gfx,,,,,5.929210662841797,machine,N
2022-10-13T16:49:12,codecarbon,22bc101c-6d63-4b70-a2cb-e0dcb827dddf,3.809356451034546,5.655929769187651e-07,0.0001484746791719,7.5,0.0,2.223453998565674,7.931987444559732e-06,0,2.351521226690541e-06,1.0283508671250274e-05,France,FRA,,,,Windows-10-10.0.22000-SP0,3.10.2,8,AMD Ryzen 5 3500U with Radeon Vega Mobile Gfx,,,,,5.929210662841797,machine,N
2022-10-13T16:49:55,codecarbon,1cb7a845-2330-4d8d-9246-cf73ab3e284f,0.0,0.0,,7.5,0.0,2.223453998565674,0.0,0,0.0,0.0,France,FRA,,,,Windows-10-10.0.22000-SP0,3.10.2,8,AMD Ryzen 5 3500U with Radeon Vega Mobile Gfx,,,,,5.929210662841797,machine,N
2022-10-13T16:49:55,codecarbon,82c1fcc0-2c34-4de3-a712-a2af3cd921f5,3.363858222961426,4.99710454965674e-07,0.0001485527694225,7.5,0.0,2.223453998565674,7.00803796450297e-06,0,2.077606671236557e-06,9.085644635739528e-06,France,FRA,,,,Windows-10-10.0.22000-SP0,3.10.2,8,AMD Ryzen 5 3500U with Radeon Vega Mobile Gfx,,,,,5.929210662841797,machine,N
2022-10-13T16:50:03,codecarbon,1ddf20a7-d3bd-4957-a8a3-e95520cda7b0,0.0,0.0,,7.5,0.0,2.223453998565674,0.0,0,0.0,0.0,France,FRA,,,,Windows-10-10.0.22000-SP0,3.10.2,8,AMD Ryzen 5 3500U with Radeon Vega Mobile Gfx,,,,,5.929210662841797,machine,N
2022-10-13T16:50:03,codecarbon,ad2f0443-07a4-47a7-9a9f-a757e31d31a1,3.948288679122925,5.865292177633379e-07,0.0001485527694225,7.5,0.0,2.223453998565674,8.225601414839426e-06,0,2.438566180857625e-06,1.0664167595697052e-05,France,FRA,,,,Windows-10-10.0.22000-SP0,3.10.2,8,AMD Ryzen 5 3500U with Radeon Vega Mobile Gfx,,,,,5.929210662841797,machine,N
2022-10-13T16:53:10,codecarbon,fc0186d5-6dbf-4e95-aae1-ad7f6a7c15e7,0.015662670135498,1.794680953025818e-09,0.0001145833333333,7.5,0.0,2.223453998565674,3.26305627822876e-08,0,0.0,3.26305627822876e-08,France,FRA,,,,Windows-10-10.0.22000-SP0,3.10.2,8,AMD Ryzen 5 3500U with Radeon Vega Mobile Gfx,,,,,5.929210662841797,machine,N
2022-10-13T16:53:10,codecarbon,30cd3394-ce52-40b0-ac79-a6e4f407395b,3.617829322814941,5.374385652021998e-07,0.0001485527694225,7.5,0.0,2.223453998565674,7.537144422531127e-06,0,2.234465853872507e-06,9.771610276403634e-06,France,FRA,,,,Windows-10-10.0.22000-SP0,3.10.2,8,AMD Ryzen 5 3500U with Radeon Vega Mobile Gfx,,,,,5.929210662841797,machine,N
2022-10-13T16:53:21,codecarbon,207eebeb-114a-46b2-a66b-32052e7ee973,0.0,0.0,,7.5,0.0,2.223453998565674,0.0,0,0.0,0.0,France,FRA,,,,Windows-10-10.0.22000-SP0,3.10.2,8,AMD Ryzen 5 3500U with Radeon Vega Mobile Gfx,,,,,5.929210662841797,machine,N
2022-10-13T16:53:21,codecarbon,9660cf6e-8bd2-4c98-8400-ae6583525c22,3.21043062210083,4.769183599519777e-07,0.0001485527694225,7.5,0.0,2.223453998565674,6.688397129376729e-06,0,1.9828457788410484e-06,8.671242908217777e-06,France,FRA,,,,Windows-10-10.0.22000-SP0,3.10.2,8,AMD Ryzen 5 3500U with Radeon Vega Mobile Gfx,,,,,5.929210662841797,machine,N
2022-10-13T16:53:28,codecarbon,1660e8e0-9199-41ef-901a-c634133d9117,0.0,0.0,,7.5,0.0,2.223453998565674,0.0,0,0.0,0.0,France,FRA,,,,Windows-10-10.0.22000-SP0,3.10.2,8,AMD Ryzen 5 3500U with Radeon Vega Mobile Gfx,,,,,5.929210662841797,machine,N
2022-10-13T16:53:28,codecarbon,c82e5c24-ca7c-4a71-8866-2660c088da0f,3.551008462905884,5.275121414075144e-07,0.0001485527694225,7.5,0.0,2.223453998565674,7.3979342977205906e-06,0,2.1931955460523985e-06,9.591129843772988e-06,France,FRA,,,,Windows-10-10.0.22000-SP0,3.10.2,8,AMD Ryzen 5 3500U with Radeon Vega Mobile Gfx,,,,,5.929210662841797,machine,N
2022-10-13T16:53:29,codecarbon,bdb784b7-28dc-4baf-a64a-95bd1b0727bb,0.0,0.0,,7.5,0.0,2.223453998565674,0.0,0,0.0,0.0,France,FRA,,,,Windows-10-10.0.22000-SP0,3.10.2,8,AMD Ryzen 5 3500U with Radeon Vega Mobile Gfx,,,,,5.929210662841797,machine,N
2022-10-13T16:53:29,codecarbon,dd544a1a-482e-4d5c-be4b-b293233fdef2,3.165895938873291,4.701308955979546e-07,0.000148498530803,7.5,0.0,2.223453998565674,6.595616539319356e-06,0,1.952217926098001e-06,8.547834465417357e-06,France,FRA,,,,Windows-10-10.0.22000-SP0,3.10.2,8,AMD Ryzen 5 3500U with Radeon Vega Mobile Gfx,,,,,5.929210662841797,machine,N
2022-10-13T16:53:37,codecarbon,c1267cc3-464f-478b-9a45-2b2d3ee08075,0.0029878616333007,2.9485268722595486e-10,9.86835146379326e-05,7.5,0.0,2.223453998565674,4.135072231292724e-09,0,1.2258857182700923e-09,5.3609579495628175e-09,France,FRA,,,,Windows-10-10.0.22000-SP0,3.10.2,8,AMD Ryzen 5 3500U with Radeon Vega Mobile Gfx,,,,,5.929210662841797,machine,N
2022-10-13T16:53:37,codecarbon,493af31a-bec0-430b-aa12-5da76c986f4c,3.604739427566528,5.354940250115974e-07,0.0001485527694225,7.5,0.0,2.223453998565674,7.509873807430267e-06,0,2.2263811927805933e-06,9.73625500021086e-06,France,FRA,,,,Windows-10-10.0.22000-SP0,3.10.2,8,AMD Ryzen 5 3500U with Radeon Vega Mobile Gfx,,,,,5.929210662841797,machine,N
2022-10-13T16:54:53,codecarbon,c93172bb-08eb-4ab3-9993-17b25ab9575d,0.0794103145599365,1.0717672638676845e-08,0.0001349657497022,7.5,0.0,2.223453998565674,1.654381553332011e-07,0,2.9428619915468818e-08,1.9486677524867005e-07,France,FRA,,,,Windows-10-10.0.22000-SP0,3.10.2,8,AMD Ryzen 5 3500U with Radeon Vega Mobile Gfx,,,,,5.929210662841797,machine,N
2022-10-13T16:54:54,codecarbon,48714dd4-c76e-41ec-84a0-396fe75d1c13,5.41222620010376,8.027115640656442e-07,0.000148314489156,7.5,0.0,2.223453998565674,1.12618679801623e-05,0,3.3328877301221384e-06,1.459475571028444e-05,France,FRA,,,,Windows-10-10.0.22000-SP0,3.10.2,8,AMD Ryzen 5 3500U with Radeon Vega Mobile Gfx,,,,,5.929210662841797,machine,N
2022-10-13T16:54:57,codecarbon,622e7ec8-c9fd-43dd-8e81-7c71b5442f9d,0.01255464553833,1.865027363837157e-09,0.0001485527694225,7.5,0.0,2.223453998565674,2.6155511538187664e-08,0,7.754076895215198e-09,3.390958843340286e-08,France,FRA,,,,Windows-10-10.0.22000-SP0,3.10.2,8,AMD Ryzen 5 3500U with Radeon Vega Mobile Gfx,,,,,5.929210662841797,machine,N
2022-10-13T16:54:57,codecarbon,7b78e4b8-f43c-4070-91aa-fa696d14b426,3.6731135845184326,5.456511953837336e-07,0.0001485527694225,7.5,0.0,2.223453998565674,7.652319967746735e-06,0,2.268610857412057e-06,9.920930825158791e-06,France,FRA,,,,Windows-10-10.0.22000-SP0,3.10.2,8,AMD Ryzen 5 3500U with Radeon Vega Mobile Gfx,,,,,5.929210662841797,machine,N
2022-10-13T16:55:04,codecarbon,98a1b7e7-140f-43b7-8cd8-56a5be2cd1d4,0.0050551891326904,7.509623456158465e-10,0.0001485527694225,7.5,0.0,2.223453998565674,1.0531644026438392e-08,0,3.1222168029406323e-09,1.3653860829379026e-08,France,FRA,,,,Windows-10-10.0.22000-SP0,3.10.2,8,AMD Ryzen 5 3500U with Radeon Vega Mobile Gfx,,,,,5.929210662841797,machine,N
2022-10-13T16:55:04,codecarbon,dfc49b34-99dd-4e17-98c5-872c2ed078da,3.5827317237854004,5.318329980086878e-07,0.0001484434333941,7.5,0.0,2.223453998565674,7.464024424552918e-06,0,2.2056664483323136e-06,9.669690872885232e-06,France,FRA,,,,Windows-10-10.0.22000-SP0,3.10.2,8,AMD Ryzen 5 3500U with Radeon Vega Mobile Gfx,,,,,5.929210662841797,machine,N
2022-10-13T16:55:12,codecarbon,a49bb4f3-accc-4bea-abc8-12c0262b5673,0.0,0.0,,7.5,0.0,2.223453998565674,0.0,0,0.0,0.0,France,FRA,,,,Windows-10-10.0.22000-SP0,3.10.2,8,AMD Ryzen 5 3500U with Radeon Vega Mobile Gfx,,,,,5.929210662841797,machine,N
2022-10-13T16:55:12,codecarbon,14ca711b-ee0d-448f-8fb8-06eb03192f3f,3.5378806591033936,5.25391150035199e-07,0.0001485044863464,7.5,0.0,2.223453998565674,7.368189096450806e-06,0,2.1843772678255395e-06,9.552566364276346e-06,France,FRA,,,,Windows-10-10.0.22000-SP0,3.10.2,8,AMD Ryzen 5 3500U with Radeon Vega Mobile Gfx,,,,,5.929210662841797,machine,N
2022-10-13T16:58:31,codecarbon,250096ed-b16e-4449-80a1-b200161792b6,0.0,0.0,,7.5,0.0,2.223453998565674,0.0,0,0.0,0.0,France,FRA,,,,Windows-10-10.0.22000-SP0,3.10.2,8,AMD Ryzen 5 3500U with Radeon Vega Mobile Gfx,,,,,5.929210662841797,machine,N
2022-10-13T16:58:31,codecarbon,bc2856c7-7890-4179-a965-a45afe75f37d,3.3411905765533447,4.963431133154629e-07,0.0001485527694225,7.5,0.0,2.223453998565674,6.960813701152801e-06,0,2.063606540946524e-06,9.024420242099326e-06,France,FRA,,,,Windows-10-10.0.22000-SP0,3.10.2,8,AMD Ryzen 5 3500U with Radeon Vega Mobile Gfx,,,,,5.929210662841797,machine,N
2022-10-13T16:58:37,codecarbon,e61231e8-6f01-4bc7-9d9a-ed236c02b509,0.0,0.0,,7.5,0.0,2.223453998565674,0.0,0,0.0,0.0,France,FRA,,,,Windows-10-10.0.22000-SP0,3.10.2,8,AMD Ryzen 5 3500U with Radeon Vega Mobile Gfx,,,,,5.929210662841797,machine,N
2022-10-13T16:58:37,codecarbon,9189c448-d3e2-46a0-b840-4a4e4493ae5a,3.2359235286712646,4.804653734000084e-07,0.0001484785932494,7.5,0.0,2.223453998565674,6.741507351398468e-06,0,1.994226710419866e-06,8.735734061818334e-06,France,FRA,,,,Windows-10-10.0.22000-SP0,3.10.2,8,AMD Ryzen 5 3500U with Radeon Vega Mobile Gfx,,,,,5.929210662841797,machine,N
2022-10-13T17:17:14,codecarbon,3e21d0d2-8d91-483e-b82b-22bedc302a24,0.0029976367950439,4.1140506517412707e-10,0.000137243132942,7.5,0.0,2.223453998565674,6.245076656341553e-09,0,1.235015437733485e-09,7.480092094075039e-09,France,FRA,,,,Windows-10-10.0.22000-SP0,3.10.2,8,AMD Ryzen 5 3500U with Radeon Vega Mobile Gfx,,,,,5.929210662841797,machine,N
2022-10-13T17:17:14,codecarbon,321e5b34-e2c4-4e2e-a731-34b372a50837,3.799326181411743,5.64252061274516e-07,0.0001485137190997,7.5,0.0,2.223453998565674,7.913182179133097e-06,0,2.3459462076762824e-06,1.025912838680938e-05,France,FRA,,,,Windows-10-10.0.22000-SP0,3.10.2,8,AMD Ryzen 5 3500U with Radeon Vega Mobile Gfx,,,,,5.929210662841797,machine,N
2022-10-13T17:17:22,codecarbon,5c0213ae-1f1e-4893-a615-040826671d90,0.00913667678833,1.3572786402249903e-09,0.0001485527694225,7.5,0.0,2.223453998565674,1.9034743309021e-08,0,5.643050149615192e-09,2.4677793458636188e-08,France,FRA,,,,Windows-10-10.0.22000-SP0,3.10.2,8,AMD Ryzen 5 3500U with Radeon Vega Mobile Gfx,,,,,5.929210662841797,machine,N
2022-10-13T17:17:22,codecarbon,a96e9d5c-580b-493f-b3a1-2e4c98682c6e,3.777432680130005,5.609954354801928e-07,0.0001485123582562,7.5,0.0,2.223453998565674,7.867510616779327e-06,0,2.332406391951452e-06,1.019991700873078e-05,France,FRA,,,,Windows-10-10.0.22000-SP0,3.10.2,8,AMD Ryzen 5 3500U with Radeon Vega Mobile Gfx,,,,,5.929210662841797,machine,N
2022-10-13T17:17:41,codecarbon,be3c5a73-b4dd-427c-b327-567849ec5d88,0.0072956085205078,6.9998949766159e-10,9.594669117647058e-05,7.5,0.0,2.223453998565674,1.2727081775665284e-08,0,0.0,1.2727081775665284e-08,France,FRA,,,,Windows-10-10.0.22000-SP0,3.10.2,8,AMD Ryzen 5 3500U with Radeon Vega Mobile Gfx,,,,,5.929210662841797,machine,N
2022-10-13T17:17:41,codecarbon,c3e00e50-2573-4f08-a3e8-73089baaa323,3.665562629699707,5.445294801336273e-07,0.0001485527694225,7.5,0.0,2.223453998565674,7.636588811874388e-06,0,2.2639471905552e-06,9.900536002429588e-06,France,FRA,,,,Windows-10-10.0.22000-SP0,3.10.2,8,AMD Ryzen 5 3500U with Radeon Vega Mobile Gfx,,,,,5.929210662841797,machine,N
2022-10-13T17:17:49,codecarbon,2c6182bc-87a8-43a2-a324-eef2f5a6cbb4,0.0045621395111083,5.22745152314504e-10,0.0001145833333333,7.5,0.0,2.223453998565674,9.504457314809164e-09,0,0.0,9.504457314809164e-09,France,FRA,,,,Windows-10-10.0.22000-SP0,3.10.2,8,AMD Ryzen 5 3500U with Radeon Vega Mobile Gfx,,,,,5.929210662841797,machine,N
2022-10-13T17:17:49,codecarbon,c6b52d10-0e2a-45bd-9052-7375f3101290,3.531397819519043,5.245645379031079e-07,0.0001485430316017,7.5,0.0,2.223453998565674,7.357078790664673e-06,0,2.180458262119108e-06,9.53753705278378e-06,France,FRA,,,,Windows-10-10.0.22000-SP0,3.10.2,8,AMD Ryzen 5 3500U with Radeon Vega Mobile Gfx,,,,,5.929210662841797,machine,N
2022-10-13T17:18:47,codecarbon,75940dd8-5595-45ed-9c28-001c059bb6ba,0.0,0.0,,7.5,0.0,2.223453998565674,0.0,0,0.0,0.0,France,FRA,,,,Windows-10-10.0.22000-SP0,3.10.2,8,AMD Ryzen 5 3500U with Radeon Vega Mobile Gfx,,,,,5.929210662841797,machine,N
2022-10-13T17:18:47,codecarbon,7a5b6d44-415b-4d0c-a0d5-0e6191da19b0,3.3463950157165527,4.971162471664485e-07,0.0001485527694225,7.5,0.0,2.223453998565674,6.9716562827428175e-06,0,2.0668209384653364e-06,9.038477221208152e-06,France,FRA,,,,Windows-10-10.0.22000-SP0,3.10.2,8,AMD Ryzen 5 3500U with Radeon Vega Mobile Gfx,,,,,5.929210662841797,machine,N
2022-10-13T17:18:49,codecarbon,f5ead1dc-4ed5-48c0-934c-63dffd46bc25,0.0050263404846191,5.75934847195943e-10,0.0001145833333333,7.5,0.0,2.223453998565674,1.0471542676289876e-08,0,0.0,1.0471542676289876e-08,France,FRA,,,,Windows-10-10.0.22000-SP0,3.10.2,8,AMD Ryzen 5 3500U with Radeon Vega Mobile Gfx,,,,,5.929210662841797,machine,N
2022-10-13T17:18:49,codecarbon,6df8e16a-08c0-47ad-a159-a0d70573a5c6,3.458324670791626,5.137437074083593e-07,0.0001485527694225,7.5,0.0,2.223453998565674,7.2048430641492205e-06,0,2.135951616002766e-06,9.340794680151989e-06,France,FRA,,,,Windows-10-10.0.22000-SP0,3.10.2,8,AMD Ryzen 5 3500U with Radeon Vega Mobile Gfx,,,,,5.929210662841797,machine,N
2022-10-13T17:18:57,codecarbon,9c795141-b65c-46bd-b787-64682d3e14e6,0.003983736038208,5.578442450034989e-10,0.0001400304236157,7.5,0.0,2.223453998565674,8.299450079600015e-09,0,1.8431725568272367e-09,1.0142622636427251e-08,France,FRA,,,,Windows-10-10.0.22000-SP0,3.10.2,8,AMD Ryzen 5 3500U with Radeon Vega Mobile Gfx,,,,,5.929210662841797,machine,N
2022-10-13T17:18:57,codecarbon,dfdadd39-d499-451d-88c6-1e0754617154,3.587477207183838,5.329296743673665e-07,0.0001485527694225,7.5,0.0,2.223453998565674,7.473910848299662e-06,0,2.2157195947433662e-06,9.689630443043028e-06,France,FRA,,,,Windows-10-10.0.22000-SP0,3.10.2,8,AMD Ryzen 5 3500U with Radeon Vega Mobile Gfx,,,,,5.929210662841797,machine,N
2022-10-13T17:19:07,codecarbon,b22d53c4-8791-4216-ab68-13fd28c7bc21,0.09397554397583,8.8507700520798e-09,9.418163149293569e-05,7.5,0.0,2.223453998565674,1.303603251775106e-07,0,3.056276667848579e-08,1.609230918559964e-07,France,FRA,,,,Windows-10-10.0.22000-SP0,3.10.2,8,AMD Ryzen 5 3500U with Radeon Vega Mobile Gfx,,,,,5.929210662841797,machine,N
2022-10-13T17:19:08,codecarbon,e89e4a8e-8ed7-437a-a43c-73707d110ff0,4.93298602104187,7.322087003345601e-07,0.0001484311322211,7.5,0.0,2.223453998565674,1.0277054210503896e-05,0,3.035831250124469e-06,1.3312885460628363e-05,France,FRA,,,,Windows-10-10.0.22000-SP0,3.10.2,8,AMD Ryzen 5 3500U with Radeon Vega Mobile Gfx,,,,,5.929210662841797,machine,N
2022-10-13T17:19:12,codecarbon,74ba6800-cbce-48ad-9abe-200dc96fb3ff,0.0105571746826171,1.5682975363802143e-09,0.0001485527694225,7.5,0.0,2.223453998565674,2.199411392211914e-08,0,6.520386739339302e-09,2.851450066145844e-08,France,FRA,,,,Windows-10-10.0.22000-SP0,3.10.2,8,AMD Ryzen 5 3500U with Radeon Vega Mobile Gfx,,,,,5.929210662841797,machine,N
2022-10-13T17:19:12,codecarbon,b31ebb19-ad14-4bd4-bbdd-b77a33fd5028,4.202988386154175,6.239086049297824e-07,0.000148444046856,7.5,0.0,2.223453998565674,8.749817311763763e-06,0,2.5939755051413724e-06,1.1343792816905137e-05,France,FRA,,,,Windows-10-10.0.22000-SP0,3.10.2,8,AMD Ryzen 5 3500U with Radeon Vega Mobile Gfx,,,,,5.929210662841797,machine,N
2022-10-13T17:19:20,codecarbon,3504ce07-7aae-4284-a256-df1f92f0b99e,0.0060138702392578,7.09887405587987e-10,0.0001180416898512,7.5,0.0,2.223453998565674,1.043627659479777e-08,0,2.470767143165631e-09,1.29070437379634e-08,France,FRA,,,,Windows-10-10.0.22000-SP0,3.10.2,8,AMD Ryzen 5 3500U with Radeon Vega Mobile Gfx,,,,,5.929210662841797,machine,N
2022-10-13T17:19:20,codecarbon,36529912-549d-4f30-8557-1e845ab8403b,4.025882959365845,5.980560629847716e-07,0.0001485527694225,7.5,0.0,2.223453998565674,8.38725616534551e-06,0,2.48649043437761e-06,1.087374659972312e-05,France,FRA,,,,Windows-10-10.0.22000-SP0,3.10.2,8,AMD Ryzen 5 3500U with Radeon Vega Mobile Gfx,,,,,5.929210662841797,machine,N
2022-10-13T17:20:12,codecarbon,db75bc4f-959b-4d59-831d-fa67adb40c9d,0.004037857055664,5.998348481512039e-10,0.0001485527694225,7.5,0.0,2.223453998565674,8.41220219930013e-09,0,2.493885948903577e-09,1.0906088148203709e-08,France,FRA,,,,Windows-10-10.0.22000-SP0,3.10.2,8,AMD Ryzen 5 3500U with Radeon Vega Mobile Gfx,,,,,5.929210662841797,machine,N
2022-10-13T17:20:12,codecarbon,c595d4f7-c912-4717-8c50-9a7151ae78e3,4.113393783569336,6.110560382746486e-07,0.0001485527694225,7.5,0.0,2.223453998565674,8.569570382436117e-06,0,2.5405394043756742e-06,1.1110109786811792e-05,France,FRA,,,,Windows-10-10.0.22000-SP0,3.10.2,8,AMD Ryzen 5 3500U with Radeon Vega Mobile Gfx,,,,,5.929210662841797,machine,N
2022-10-13T17:20:52,codecarbon,25a5bb34-6e91-4abc-91d6-469d8e1a0019,0.0876970291137695,7.977077503326767e-09,9.096177583140347e-05,7.5,0.0,2.223453998565674,1.180623968442281e-07,0,2.6975375943531323e-08,1.450377727877594e-07,France,FRA,,,,Windows-10-10.0.22000-SP0,3.10.2,8,AMD Ryzen 5 3500U with Radeon Vega Mobile Gfx,,,,,5.929210662841797,machine,N
2022-10-13T17:20:52,codecarbon,58e9c905-db41-4fa8-b82d-3613e3ef18c2,4.891267776489258,7.266113741846653e-07,0.0001485527694225,7.5,0.0,2.223453998565674,1.0190141201019289e-05,0,3.020974693247353e-06,1.321111589426664e-05,France,FRA,,,,Windows-10-10.0.22000-SP0,3.10.2,8,AMD Ryzen 5 3500U with Radeon Vega Mobile Gfx,,,,,5.929210662841797,machine,N
2022-10-13T17:20:56,codecarbon,3b23f4ee-52ca-4a9f-8e21-75123ef9ca99,0.0056188106536865,8.34689883465955e-10,0.0001485527694225,7.5,0.0,2.223453998565674,1.1705855528513592e-08,0,3.470324170867419e-09,1.517617969938101e-08,France,FRA,,,,Windows-10-10.0.22000-SP0,3.10.2,8,AMD Ryzen 5 3500U with Radeon Vega Mobile Gfx,,,,,5.929210662841797,machine,N
2022-10-13T17:20:56,codecarbon,a020d009-f105-465e-ae8f-824164f890c2,4.234767436981201,6.28030946547993e-07,0.00014830352691,7.5,0.0,2.223453998565674,8.807629843552907e-06,0,2.6111146391378763e-06,1.1418744482690785e-05,France,FRA,,,,Windows-10-10.0.22000-SP0,3.10.2,8,AMD Ryzen 5 3500U with Radeon Vega Mobile Gfx,,,,,5.929210662841797,machine,N
2022-10-13T17:21:04,codecarbon,83299b13-d157-48d8-97c8-022200d49632,0.0029964447021484,4.1100120602190303e-10,0.0001371629537255,7.5,0.0,2.223453998565674,6.242593129475911e-09,0,1.2301560709223243e-09,7.472749200398236e-09,France,FRA,,,,Windows-10-10.0.22000-SP0,3.10.2,8,AMD Ryzen 5 3500U with Radeon Vega Mobile Gfx,,,,,5.929210662841797,machine,N
2022-10-13T17:21:04,codecarbon,235a84a2-b9e8-4a73-8546-b701d674ba37,4.217211961746216,6.257273413071685e-07,0.0001483746482232,7.5,0.0,2.223453998565674,8.775323629379271e-06,0,2.601537121660158e-06,1.1376860751039428e-05,France,FRA,,,,Windows-10-10.0.22000-SP0,3.10.2,8,AMD Ryzen 5 3500U with Radeon Vega Mobile Gfx,,,,,5.929210662841797,machine,N
2022-10-13T17:21:12,codecarbon,31f355e4-0fcb-43f4-bdfa-7547fb010dfc,0.0040047168731689,5.949117822623862e-10,0.0001485527694225,7.5,0.0,2.223453998565674,8.343160152435302e-09,0,2.473417706880809e-09,1.0816577859316112e-08,France,FRA,,,,Windows-10-10.0.22000-SP0,3.10.2,8,AMD Ryzen 5 3500U with Radeon Vega Mobile Gfx,,,,,5.929210662841797,machine,N
2022-10-13T17:21:12,codecarbon,486cefba-a032-4b53-82ce-3929f6b1e628,4.031467437744141,5.988856527136477e-07,0.0001485527694225,7.5,0.0,2.223453998565674,8.398890495300293e-06,0,2.489939554038756e-06,1.088883004933905e-05,France,FRA,,,,Windows-10-10.0.22000-SP0,3.10.2,8,AMD Ryzen 5 3500U with Radeon Vega Mobile Gfx,,,,,5.929210662841797,machine,N
2022-10-13T17:21:30,codecarbon,a5ada077-eefe-4fe1-b06c-e787075b02a4,0.0087356567382812,1.2791432199776408e-09,0.00014642782544,7.5,0.0,2.223453998565674,1.8199284871419268e-08,0,5.057864582719655e-09,2.3257149454138924e-08,France,FRA,,,,Windows-10-10.0.22000-SP0,3.10.2,8,AMD Ryzen 5 3500U with Radeon Vega Mobile Gfx,,,,,5.929210662841797,machine,N
2022-10-13T17:21:30,codecarbon,4b57ed72-3671-462c-b7d0-ca13ae3c3c5b,3.497601270675659,5.195783550946331e-07,0.0001485527694225,7.5,0.0,2.223453998565674,7.286669313907623e-06,0,2.16020986963116e-06,9.446879183538784e-06,France,FRA,,,,Windows-10-10.0.22000-SP0,3.10.2,8,AMD Ryzen 5 3500U with Radeon Vega Mobile Gfx,,,,,5.929210662841797,machine,N
2022-10-13T17:21:44,codecarbon,6de95552-68d0-471a-a5d4-9022f84209dd,0.0,0.0,,7.5,0.0,2.223453998565674,0.0,0,0.0,0.0,France,FRA,,,,Windows-10-10.0.22000-SP0,3.10.2,8,AMD Ryzen 5 3500U with Radeon Vega Mobile Gfx,,,,,5.929210662841797,machine,N
2022-10-13T17:21:44,codecarbon,f0b348a2-02f2-44f5-b54d-d1ecda6e49a3,4.111895561218262,6.108334731951855e-07,0.0001485527694225,7.5,0.0,2.223453998565674,8.566449085871377e-06,0,2.539614063131997e-06,1.1106063149003374e-05,France,FRA,,,,Windows-10-10.0.22000-SP0,3.10.2,8,AMD Ryzen 5 3500U with Radeon Vega Mobile Gfx,,,,,5.929210662841797,machine,N
2022-10-13T17:22:04,codecarbon,9f178598-8eba-4eba-b40b-8e62734c9a04,0.0040118694305419,5.959743144686058e-10,0.0001485527694225,7.5,0.0,2.223453998565674,8.358061313629151e-09,0,2.477835313072773e-09,1.0835896626701925e-08,France,FRA,,,,Windows-10-10.0.22000-SP0,3.10.2,8,AMD Ryzen 5 3500U with Radeon Vega Mobile Gfx,,,,,5.929210662841797,machine,N
2022-10-13T17:22:04,codecarbon,37e4fd1a-355e-41cc-8dbf-81150b448c65,3.435091495513916,5.10223554343275e-07,0.0001485327406881,7.5,0.0,2.223453998565674,7.156440615653991e-06,0,2.120351281496464e-06,9.276791897150456e-06,France,FRA,,,,Windows-10-10.0.22000-SP0,3.10.2,8,AMD Ryzen 5 3500U with Radeon Vega Mobile Gfx,,,,,5.929210662841797,machine,N
2022-10-13T17:22:17,codecarbon,5f8866a9-2502-4c7e-b150-7023820a077f,0.0055880546569824,8.30120994979211e-10,0.0001485527694225,7.5,0.0,2.223453998565674,1.1641780535380046e-08,0,3.451328464241972e-09,1.5093108999622018e-08,France,FRA,,,,Windows-10-10.0.22000-SP0,3.10.2,8,AMD Ryzen 5 3500U with Radeon Vega Mobile Gfx,,,,,5.929210662841797,machine,N
2022-10-13T17:22:17,codecarbon,d47e24d4-ce36-4026-93ee-05e1385c9556,4.1278510093688965,6.1320369920534e-07,0.0001485527694225,7.5,0.0,2.223453998565674,8.599689602851868e-06,0,2.5494685645179515e-06,1.114915816736982e-05,France,FRA,,,,Windows-10-10.0.22000-SP0,3.10.2,8,AMD Ryzen 5 3500U with Radeon Vega Mobile Gfx,,,,,5.929210662841797,machine,N
2022-10-13T17:22:27,codecarbon,bea17be5-b220-4ccb-97ab-37e8f7e40580,0.0019826889038085,2.94533927564089e-10,0.0001485527694225,7.5,0.0,2.223453998565674,4.13060188293457e-09,0,1.224560436412503e-09,5.355162319347073e-09,France,FRA,,,,Windows-10-10.0.22000-SP0,3.10.2,8,AMD Ryzen 5 3500U with Radeon Vega Mobile Gfx,,,,,5.929210662841797,machine,N
2022-10-13T17:22:27,codecarbon,dbf5338d-6a37-41d5-a1db-2f67aab33370,3.2179319858551025,4.779993568579069e-07,0.0001485424051717,7.5,0.0,2.223453998565674,6.704024970531464e-06,0,1.986872426885024e-06,8.690897397416488e-06,France,FRA,,,,Windows-10-10.0.22000-SP0,3.10.2,8,AMD Ryzen 5 3500U with Radeon Vega Mobile Gfx,,,,,5.929210662841797,machine,N
2022-10-13T17:22:41,codecarbon,1999e5a0-579a-40af-b0cc-73601a056ef4,0.0036201477050781,0.0,0.0,7.5,0.0,2.223453998565674,0.0,0,0.0,0.0,France,FRA,,,,Windows-10-10.0.22000-SP0,3.10.2,8,AMD Ryzen 5 3500U with Radeon Vega Mobile Gfx,,,,,5.929210662841797,machine,N
2022-10-13T17:22:41,codecarbon,8bf97680-aca8-4698-8af2-7d2a38f1bf90,3.8651816844940186,5.741834435528304e-07,0.0001485527694225,7.5,0.0,2.223453998565674,8.05246184269587e-06,0,2.387237130991953e-06,1.0439698973687824e-05,France,FRA,,,,Windows-10-10.0.22000-SP0,3.10.2,8,AMD Ryzen 5 3500U with Radeon Vega Mobile Gfx,,,,,5.929210662841797,machine,N
2022-10-13T17:22:50,codecarbon,9c2b5de0-50aa-4452-9002-894ce634e950,0.0639097690582275,9.235211904059782e-09,0.0001445039160702,7.5,0.0,2.223453998565674,1.331453522046407e-07,0,3.4767591505537145e-08,1.6791294371017784e-07,France,FRA,,,,Windows-10-10.0.22000-SP0,3.10.2,8,AMD Ryzen 5 3500U with Radeon Vega Mobile Gfx,,,,,5.929210662841797,machine,N
2022-10-13T17:22:50,codecarbon,01e527b1-16a3-4c4c-ae20-645b75468052,5.432724952697754,8.070463372341408e-07,0.0001485527694225,7.5,0.0,2.223453998565674,1.1318176984786988e-05,0,3.355392783106481e-06,1.4673569767893468e-05,France,FRA,,,,Windows-10-10.0.22000-SP0,3.10.2,8,AMD Ryzen 5 3500U with Radeon Vega Mobile Gfx,,,,,5.929210662841797,machine,N
2022-10-13T17:22:53,codecarbon,94370956-22e2-437e-ba45-bee2b6af68df,0.0,0.0,,7.5,0.0,2.223453998565674,0.0,0,0.0,0.0,France,FRA,,,,Windows-10-10.0.22000-SP0,3.10.2,8,AMD Ryzen 5 3500U with Radeon Vega Mobile Gfx,,,,,5.929210662841797,machine,N
2022-10-13T17:22:53,codecarbon,2fa0f8ef-1999-4ac2-9c87-6c804821d519,3.4631710052490234,5.144636438135535e-07,0.0001485527694225,7.5,0.0,2.223453998565674,7.214939594268799e-06,0,2.138944838704902e-06,9.3538844329737e-06,France,FRA,,,,Windows-10-10.0.22000-SP0,3.10.2,8,AMD Ryzen 5 3500U with Radeon Vega Mobile Gfx,,,,,5.929210662841797,machine,N
2022-10-13T17:23:00,codecarbon,591d1eae-08fa-4c9f-82ab-9b7dc375e923,0.0019998550415039,1.4857742016971544e-10,7.429409486498786e-05,7.5,0.0,2.223453998565674,2.0836790402730307e-09,0,6.177285991763409e-10,2.7014076394493714e-09,France,FRA,,,,Windows-10-10.0.22000-SP0,3.10.2,8,AMD Ryzen 5 3500U with Radeon Vega Mobile Gfx,,,,,5.929210662841797,machine,N
2022-10-13T17:23:00,codecarbon,0718a288-0366-46ed-9adf-cec40441f4a9,3.609485626220703,5.360509689763575e-07,0.0001485117339385,7.5,0.0,2.223453998565674,7.517684499422709e-06,0,2.228696754692881e-06,9.74638125411559e-06,France,FRA,,,,Windows-10-10.0.22000-SP0,3.10.2,8,AMD Ryzen 5 3500U with Radeon Vega Mobile Gfx,,,,,5.929210662841797,machine,N
2022-10-13T17:23:07,codecarbon,f8b00f4e-4112-467d-bae7-a094eaa887f0,0.002009630203247,2.646582465890409e-10,0.0001316949984934,7.5,0.0,2.223453998565674,4.186729590098063e-09,0,6.2523852970268e-10,4.811968119800743e-09,France,FRA,,,,Windows-10-10.0.22000-SP0,3.10.2,8,AMD Ryzen 5 3500U with Radeon Vega Mobile Gfx,,,,,5.929210662841797,machine,N
2022-10-13T17:23:07,codecarbon,1c87182e-0581-4b46-8d24-4d8cf7d5c077,3.316403865814209,4.926082465614433e-07,0.0001485368689981,7.5,0.0,2.223453998565674,6.909174720446269e-06,0,2.0473388533981547e-06,8.956513573844424e-06,France,FRA,,,,Windows-10-10.0.22000-SP0,3.10.2,8,AMD Ryzen 5 3500U with Radeon Vega Mobile Gfx,,,,,5.929210662841797,machine,N
2022-10-13T17:23:14,codecarbon,326cd49a-7803-4ae7-bfb3-1e8627dd7c99,0.0026066303253173,3.8722215368665046e-10,0.0001485527694225,7.5,0.0,2.223453998565674,5.430479844411214e-09,0,1.6099229498915215e-09,7.0404027943027355e-09,France,FRA,,,,Windows-10-10.0.22000-SP0,3.10.2,8,AMD Ryzen 5 3500U with Radeon Vega Mobile Gfx,,,,,5.929210662841797,machine,N
2022-10-13T17:23:14,codecarbon,392efb62-91ea-49db-8729-2f87bbec663f,3.4291775226593018,5.086673535399243e-07,0.0001483350891514,7.5,0.0,2.223453998565674,7.133651276429494e-06,0,2.1148460606600376e-06,9.248497337089533e-06,France,FRA,,,,Windows-10-10.0.22000-SP0,3.10.2,8,AMD Ryzen 5 3500U with Radeon Vega Mobile Gfx,,,,,5.929210662841797,machine,N
2022-10-13T17:23:22,codecarbon,c3642a7d-27d9-45ae-ab24-7e5101d595ec,0.0025601387023925,3.8031569434622254e-10,0.0001485527694225,7.5,0.0,2.223453998565674,5.333622296651204e-09,0,1.5812085096437535e-09,6.914830806294958e-09,France,FRA,,,,Windows-10-10.0.22000-SP0,3.10.2,8,AMD Ryzen 5 3500U with Radeon Vega Mobile Gfx,,,,,5.929210662841797,machine,N
2022-10-13T17:23:22,codecarbon,e3410257-a89e-4f5b-98f0-6086a98ce6ea,3.9065968990325928,5.803357883687638e-07,0.0001485527694225,7.5,0.0,2.223453998565674,8.138743539651235e-06,0,2.4128162488717444e-06,1.055155978852298e-05,France,FRA,,,,Windows-10-10.0.22000-SP0,3.10.2,8,AMD Ryzen 5 3500U with Radeon Vega Mobile Gfx,,,,,5.929210662841797,machine,N
2022-10-13T17:23:55,codecarbon,76910ab8-60db-4b4a-b656-7db1262dc540,0.0090959072113037,1.3512222066495384e-09,0.0001485527694225,7.5,0.0,2.223453998565674,1.8949806690216065e-08,0,5.617869794320996e-09,2.4567676484537066e-08,France,FRA,,,,Windows-10-10.0.22000-SP0,3.10.2,8,AMD Ryzen 5 3500U with Radeon Vega Mobile Gfx,,,,,5.929210662841797,machine,N
2022-10-13T17:23:55,codecarbon,6012dce2-3d4d-4eff-ad08-3d5c9c0142ef,3.4131739139556885,5.070364374388574e-07,0.0001485527694225,7.5,0.0,2.223453998565674,7.110778987407684e-06,0,2.108065329662452e-06,9.218844317070135e-06,France,FRA,,,,Windows-10-10.0.22000-SP0,3.10.2,8,AMD Ryzen 5 3500U with Radeon Vega Mobile Gfx,,,,,5.929210662841797,machine,N
2022-10-13T17:24:02,codecarbon,45efef4b-d199-4ca8-a88a-5d54a4c9a5c7,0.0055289268493652,8.21337395407795e-10,0.0001485527694225,7.5,0.0,2.223453998565674,1.1518597602844237e-08,0,3.414809586388401e-09,1.4933407189232642e-08,France,FRA,,,,Windows-10-10.0.22000-SP0,3.10.2,8,AMD Ryzen 5 3500U with Radeon Vega Mobile Gfx,,,,,5.929210662841797,machine,N
2022-10-13T17:24:02,codecarbon,d2940958-14f5-43a0-86e6-58b06f541d80,3.3922059535980225,5.039215888585843e-07,0.0001485527694225,7.5,0.0,2.223453998565674,7.067095736662546e-06,0,2.095114969857169e-06,9.162210706519716e-06,France,FRA,,,,Windows-10-10.0.22000-SP0,3.10.2,8,AMD Ryzen 5 3500U with Radeon Vega Mobile Gfx,,,,,5.929210662841797,machine,N
2022-10-13T17:24:19,codecarbon,e42b491a-5bfe-4586-9841-3ce61f6a9855,0.0059938430786132,7.419662396031869e-10,0.0001237880654985,7.5,0.0,2.223453998565674,1.040548086166382e-08,0,3.0848144038486683e-09,1.3490295265512488e-08,France,FRA,,,,Windows-10-10.0.22000-SP0,3.10.2,8,AMD Ryzen 5 3500U with Radeon Vega Mobile Gfx,,,,,5.929210662841797,machine,N
2022-10-13T17:24:19,codecarbon,4e44fb58-2e53-4b80-aba5-8c460ced006b,4.033249378204346,5.991161792584407e-07,0.0001485442934662,7.5,0.0,2.223453998565674,8.402602871259054e-06,0,2.4904185698035046e-06,1.0893021441062558e-05,France,FRA,,,,Windows-10-10.0.22000-SP0,3.10.2,8,AMD Ryzen 5 3500U with Radeon Vega Mobile Gfx,,,,,5.929210662841797,machine,N
2022-10-13T17:24:57,codecarbon,199f3f26-b21c-491b-9a33-d1df669c44eb,0.0030136108398437,4.4768023622054895e-10,0.0001485527694225,7.5,0.0,2.223453998565674,6.278355916341146e-09,0,1.8612847422142902e-09,8.139640658555436e-09,France,FRA,,,,Windows-10-10.0.22000-SP0,3.10.2,8,AMD Ryzen 5 3500U with Radeon Vega Mobile Gfx,,,,,5.929210662841797,machine,N
2022-10-13T17:24:57,codecarbon,3cece0ef-7055-49f1-9c05-71d490b5b7e7,3.8327889442443848,5.693714122795627e-07,0.0001485527694225,7.5,0.0,2.223453998565674,7.984976967175802e-06,0,2.367230528816246e-06,1.0352207495992048e-05,France,FRA,,,,Windows-10-10.0.22000-SP0,3.10.2,8,AMD Ryzen 5 3500U with Radeon Vega Mobile Gfx,,,,,5.929210662841797,machine,N
2022-10-13T17:25:33,codecarbon,ee4f4b30-8ed1-4cb9-ae60-838a9f379837,0.003537893295288,5.25563846936449e-10,0.0001485527694225,7.5,0.0,2.223453998565674,7.370611031850179e-09,0,2.185095276085273e-09,9.555706307935452e-09,France,FRA,,,,Windows-10-10.0.22000-SP0,3.10.2,8,AMD Ryzen 5 3500U with Radeon Vega Mobile Gfx,,,,,5.929210662841797,machine,N
2022-10-13T17:25:34,codecarbon,a2b0598f-7f32-4ed6-80de-fea2403b7079,3.697051286697388,5.49207207336029e-07,0.0001485527694225,7.5,0.0,2.223453998565674,7.702190180619557e-06,0,2.283395407308244e-06,9.9855855879278e-06,France,FRA,,,,Windows-10-10.0.22000-SP0,3.10.2,8,AMD Ryzen 5 3500U with Radeon Vega Mobile Gfx,,,,,5.929210662841797,machine,N
2022-10-13T17:25:51,codecarbon,3ee84e41-cfdc-4f84-bd80-be8e542c8a3d,0.0039989948272705,4.4537808310707287e-10,0.0001113725079287,7.5,0.0,2.223453998565674,6.246070067087809e-09,0,1.8517132621317003e-09,8.097783329219511e-09,France,FRA,,,,Windows-10-10.0.22000-SP0,3.10.2,8,AMD Ryzen 5 3500U with Radeon Vega Mobile Gfx,,,,,5.929210662841797,machine,N
2022-10-13T17:25:51,codecarbon,6d7bae7a-d56a-40e2-9f7d-bbee0aa485f4,3.426656723022461,5.09020475524205e-07,0.0001485472624392,7.5,0.0,2.223453998565674,7.13886817296346e-06,0,2.1160495638402686e-06,9.254917736803728e-06,France,FRA,,,,Windows-10-10.0.22000-SP0,3.10.2,8,AMD Ryzen 5 3500U with Radeon Vega Mobile Gfx,,,,,5.929210662841797,machine,N
2022-10-13T17:26:27,codecarbon,d7c18b3a-bb33-41a4-9804-fda1be8e0870,0.0,0.0,,7.5,0.0,2.223453998565674,0.0,0,0.0,0.0,France,FRA,,,,Windows-10-10.0.22000-SP0,3.10.2,8,AMD Ryzen 5 3500U with Radeon Vega Mobile Gfx,,,,,5.929210662841797,machine,N
2022-10-13T17:26:27,codecarbon,b8b9c9e6-4878-42ea-bd89-90b97ce1b82c,3.8124282360076895,5.663467726835977e-07,0.0001485527694225,7.5,0.0,2.223453998565674,7.942558825016022e-06,0,2.354655223776661e-06,1.0297214048792684e-05,France,FRA,,,,Windows-10-10.0.22000-SP0,3.10.2,8,AMD Ryzen 5 3500U with Radeon Vega Mobile Gfx,,,,,5.929210662841797,machine,N
2022-10-13T17:26:34,codecarbon,79574768-bf58-4c91-aeb8-169c9664a82f,0.007371187210083,8.199561035397096e-10,0.0001112379973768,7.5,0.0,2.223453998565674,1.1499226093292235e-08,0,3.4090666983388475e-09,1.4908292791631084e-08,France,FRA,,,,Windows-10-10.0.22000-SP0,3.10.2,8,AMD Ryzen 5 3500U with Radeon Vega Mobile Gfx,,,,,5.929210662841797,machine,N
2022-10-13T17:26:34,codecarbon,16e79ad2-f1ab-413c-85ac-36877eafcf22,4.07442831993103,6.052676107393452e-07,0.0001485527694225,7.5,0.0,2.223453998565674,8.488392333189646e-06,0,2.5164733166166304e-06,1.1004865649806277e-05,France,FRA,,,,Windows-10-10.0.22000-SP0,3.10.2,8,AMD Ryzen 5 3500U with Radeon Vega Mobile Gfx,,,,,5.929210662841797,machine,N
2022-10-13T17:26:45,codecarbon,207418d2-7f5a-44d9-9634-3e11f0882721,0.0061039924621582,9.067649847878555e-10,0.0001485527694225,7.5,0.0,2.223453998565674,1.2716650962829589e-08,0,3.76998512422233e-09,1.6486636087051922e-08,France,FRA,,,,Windows-10-10.0.22000-SP0,3.10.2,8,AMD Ryzen 5 3500U with Radeon Vega Mobile Gfx,,,,,5.929210662841797,machine,N
2022-10-13T17:26:45,codecarbon,f48886e5-549a-4af0-ba80-8b06f2e0c030,3.610234260559082,5.363102976701555e-07,0.0001485527694225,7.5,0.0,2.223453998565674,7.521321376164755e-06,0,2.2297749451108003e-06,9.751096321275554e-06,France,FRA,,,,Windows-10-10.0.22000-SP0,3.10.2,8,AMD Ryzen 5 3500U with Radeon Vega Mobile Gfx,,,,,5.929210662841797,machine,N
2022-10-13T17:29:26,codecarbon,b07245bf-5337-42b6-9f02-5dff3d9813b6,0.0059938430786132,7.412578847990403e-10,0.0001236698850932,7.5,0.0,2.223453998565674,1.0395546754201252e-08,0,3.081869333054024e-09,1.3477416087255278e-08,France,FRA,,,,Windows-10-10.0.22000-SP0,3.10.2,8,AMD Ryzen 5 3500U with Radeon Vega Mobile Gfx,,,,,5.929210662841797,machine,N
2022-10-13T17:29:26,codecarbon,bdfd45c0-6980-4500-a9fb-5a28ff4475e7,3.810502052307129,5.659601228414768e-07,0.0001485263923421,7.5,0.0,2.223453998565674,7.937947909037273e-06,0,2.352236142625941e-06,1.0290184051663214e-05,France,FRA,,,,Windows-10-10.0.22000-SP0,3.10.2,8,AMD Ryzen 5 3500U with Radeon Vega Mobile Gfx,,,,,5.929210662841797,machine,N
2022-10-13T17:30:50,codecarbon,041561f7-725f-4929-99f6-c0bd35f7da90,0.0056238174438476,8.35433656010309e-10,0.0001485527694225,7.5,0.0,2.223453998565674,1.1716286341349284e-08,0,3.473416495201794e-09,1.5189702836551077e-08,France,FRA,,,,Windows-10-10.0.22000-SP0,3.10.2,8,AMD Ryzen 5 3500U with Radeon Vega Mobile Gfx,,,,,5.929210662841797,machine,N
2022-10-13T17:30:50,codecarbon,4c696c4d-7b71-4773-84c6-05daf701af7d,3.978364944458008,5.909971302727513e-07,0.0001485527694225,7.5,0.0,2.223453998565674,8.288260300954183e-06,0,2.457142067641295e-06,1.0745402368595478e-05,France,FRA,,,,Windows-10-10.0.22000-SP0,3.10.2,8,AMD Ryzen 5 3500U with Radeon Vega Mobile Gfx,,,,,5.929210662841797,machine,N
2022-10-13T17:41:48,codecarbon,37d62d22-05a9-4491-bc5d-9334927cb0a5,0.0500009059906005,7.393652204580311e-09,0.0001478703647083,7.5,0.0,2.223453998565674,1.0416855414708457e-07,0,3.0261485936193833e-08,1.3443004008327838e-07,France,FRA,,,,Windows-10-10.0.22000-SP0,3.10.2,8,AMD Ryzen 5 3500U with Radeon Vega Mobile Gfx,,,,,5.929210662841797,machine,N
2022-10-13T17:41:49,codecarbon,56ba8790-431b-48d6-9261-eb6b50fb155d,4.583584308624268,6.807566988753094e-07,0.0001485206015725,7.5,0.0,2.223453998565674,9.547066191832225e-06,0,2.8303283331734025e-06,1.2377394525005623e-05,France,FRA,,,,Windows-10-10.0.22000-SP0,3.10.2,8,AMD Ryzen 5 3500U with Radeon Vega Mobile Gfx,,,,,5.929210662841797,machine,N
2022-10-13T17:41:52,codecarbon,9040432e-efb4-4756-91a7-8674c5ddc9bf,0.0050280094146728,7.130306397243658e-10,0.0001418117153169,7.5,0.0,2.223453998565674,1.0475019613901774e-08,0,2.489173835632149e-09,1.2964193449533924e-08,France,FRA,,,,Windows-10-10.0.22000-SP0,3.10.2,8,AMD Ryzen 5 3500U with Radeon Vega Mobile Gfx,,,,,5.929210662841797,machine,N
2022-10-13T17:41:52,codecarbon,60292600-cc01-46bb-9b70-038945de0d08,3.486257791519165,5.178932498510491e-07,0.00014855276942253112,7.5,0.0,2.223453998565674,7.263037065664927e-06,0,2.153203840717784e-06,9.41624090638271e-06,France,FRA,,,,Windows-10-10.0.22000-SP0,3.10.2,8,AMD Ryzen 5 3500U with Radeon Vega Mobile Gfx,,,,,5.929210662841797,machine,N
